{"cameraMode":{"drawMode":0,"name":"Shaded","section":"Shading Mode"},"sceneLighting":false,"audioPlay":false,"sceneViewState":{"showFog":true,"showMaterialUpdate":false,"showSkybox":true,"showFlares":true,"showImageEffects":true,"showParticleSystems":true},"in2DMode":false,"pivot":{"x":-0.41999998688697817,"y":5.888999938964844,"z":-1.034000039100647},"rotation":{"x":-0.0967266708612442,"y":0.600781261920929,"z":-0.07354681938886643,"w":-0.7901244759559631},"size":0.14289434254169465,"orthographic":false}