{"cameraMode":{"drawMode":0,"name":"Shaded","section":"Shading Mode"},"sceneLighting":true,"audioPlay":false,"sceneViewState":{"showFog":true,"showMaterialUpdate":false,"showSkybox":true,"showFlares":true,"showImageEffects":true,"showParticleSystems":true},"in2DMode":false,"pivot":{"x":-8.507905006408692,"y":-2.041687488555908,"z":-0.0731208324432373},"rotation":{"x":-0.15759070217609406,"y":0.615375280380249,"z":-0.12730726599693299,"w":-0.7617554664611816},"size":13.104156494140625,"orthographic":false}