{"cameraMode":{"drawMode":0,"name":"Shaded","section":"Shading Mode"},"sceneLighting":true,"audioPlay":false,"sceneViewState":{"showFog":true,"showMaterialUpdate":false,"showSkybox":true,"showFlares":true,"showImageEffects":true,"showParticleSystems":true},"in2DMode":false,"pivot":{"x":-1.4422764778137208,"y":4.658291339874268,"z":0.9563027620315552},"rotation":{"x":-0.12672975659370423,"y":0.6033328771591187,"z":-0.0978686735033989,"w":-0.7812495231628418},"size":3.6204628944396974,"orthographic":false}