{"cameraMode":{"drawMode":0,"name":"Shaded","section":"Shading Mode"},"sceneLighting":false,"audioPlay":false,"sceneViewState":{"showFog":true,"showMaterialUpdate":false,"showSkybox":true,"showFlares":true,"showImageEffects":true,"showParticleSystems":true},"in2DMode":false,"pivot":{"x":-2.2959306240081789,"y":1.6727877855300904,"z":0.6525000333786011},"rotation":{"x":-0.11165281385183335,"y":0.5248851180076599,"z":-0.06968998163938523,"w":-0.8409355282783508},"size":10.276442527770996,"orthographic":false}