{"cameraMode":{"drawMode":0,"name":"Shaded","section":"Shading Mode"},"sceneLighting":false,"audioPlay":false,"sceneViewState":{"showFog":true,"showMaterialUpdate":false,"showSkybox":true,"showFlares":true,"showImageEffects":true,"showParticleSystems":true},"in2DMode":false,"pivot":{"x":-4.265670299530029,"y":3.4467787742614748,"z":1.2638566493988038},"rotation":{"x":-0.15266303718090058,"y":-0.02460808865725994,"z":0.003802582621574402,"w":-0.9879645705223084},"size":3.3546011447906496,"orthographic":false}