{"cameraMode":{"drawMode":0,"name":"Shaded","section":"Shading Mode"},"sceneLighting":false,"audioPlay":false,"sceneViewState":{"showFog":true,"showMaterialUpdate":false,"showSkybox":true,"showFlares":true,"showImageEffects":true,"showParticleSystems":true},"in2DMode":false,"pivot":{"x":-0.41999998688697817,"y":5.888999938964844,"z":-1.034000039100647},"rotation":{"x":-0.15266303718090058,"y":-0.02460808865725994,"z":0.003802582621574402,"w":-0.9879645705223084},"size":0.14289434254169465,"orthographic":false}