{"cameraMode":{"drawMode":0,"name":"Shaded","section":"Shading Mode"},"sceneLighting":false,"audioPlay":false,"sceneViewState":{"showFog":true,"showMaterialUpdate":false,"showSkybox":true,"showFlares":true,"showImageEffects":true,"showParticleSystems":true},"in2DMode":false,"pivot":{"x":-3.3640339374542238,"y":2.109370231628418,"z":1.646634578704834},"rotation":{"x":-0.2834305763244629,"y":-0.5144153833389282,"z":0.18504837155342103,"w":-0.7879093289375305},"size":6.087975978851318,"orthographic":false}