{"cameraMode":{"drawMode":0,"name":"Shaded","section":"Shading Mode"},"sceneLighting":true,"audioPlay":false,"sceneViewState":{"showFog":true,"showMaterialUpdate":false,"showSkybox":true,"showFlares":true,"showImageEffects":true,"showParticleSystems":true},"in2DMode":false,"pivot":{"x":1.8953577280044556,"y":-2.8582892417907717,"z":17.779951095581056},"rotation":{"x":-0.15266303718090058,"y":-0.02460808865725994,"z":0.003802582621574402,"w":-0.9879645705223084},"size":33.73564910888672,"orthographic":false}