{"cameraMode":{"drawMode":0,"name":"Shaded","section":"Shading Mode"},"sceneLighting":true,"audioPlay":false,"sceneViewState":{"showFog":true,"showMaterialUpdate":false,"showSkybox":true,"showFlares":true,"showImageEffects":true,"showParticleSystems":true},"in2DMode":false,"pivot":{"x":-6.538973808288574,"y":3.3300511837005617,"z":-1.7249839305877686},"rotation":{"x":-0.07070787996053696,"y":0.7178165316581726,"z":-0.07369758188724518,"w":-0.6887006163597107},"size":14.536272048950196,"orthographic":false}