{"cameraMode":{"drawMode":0,"name":"Shaded","section":"Shading Mode"},"sceneLighting":false,"audioPlay":false,"sceneViewState":{"showFog":true,"showMaterialUpdate":false,"showSkybox":true,"showFlares":true,"showImageEffects":true,"showParticleSystems":true},"in2DMode":false,"pivot":{"x":3.1208810806274416,"y":1.295880913734436,"z":-0.04999995231628418},"rotation":{"x":-0.09644126147031784,"y":0.6159569621086121,"z":-0.07634345442056656,"w":-0.7781181931495667},"size":15.521870613098145,"orthographic":false}