{"cameraMode":{"drawMode":0,"name":"Shaded","section":"Shading Mode"},"sceneLighting":false,"audioPlay":false,"sceneViewState":{"showFog":true,"showMaterialUpdate":false,"showSkybox":true,"showFlares":true,"showImageEffects":true,"showParticleSystems":true},"in2DMode":false,"pivot":{"x":3.073117256164551,"y":0.6515829563140869,"z":-1.9225282669067383},"rotation":{"x":0.05026470497250557,"y":-0.799480140209198,"z":0.06756728142499924,"w":0.5947602391242981},"size":11.634716033935547,"orthographic":false}