{"cameraMode":{"drawMode":0,"name":"Shaded","section":"Shading Mode"},"sceneLighting":false,"audioPlay":false,"sceneViewState":{"showFog":true,"showMaterialUpdate":false,"showSkybox":true,"showFlares":true,"showImageEffects":true,"showParticleSystems":true},"in2DMode":false,"pivot":{"x":2.9267044067382814,"y":1.101704478263855,"z":-0.04999998211860657},"rotation":{"x":-0.10016896575689316,"y":0.6450810432434082,"z":-0.08585476130247116,"w":-0.7526391744613648},"size":14.150461196899414,"orthographic":false}