{"cameraMode":{"drawMode":0,"name":"Shaded","section":"Shading Mode"},"sceneLighting":false,"audioPlay":false,"sceneViewState":{"showFog":true,"showMaterialUpdate":false,"showSkybox":true,"showFlares":true,"showImageEffects":true,"showParticleSystems":true},"in2DMode":false,"pivot":{"x":-4.752357006072998,"y":-0.8231853246688843,"z":0.030768059194087983},"rotation":{"x":-0.0674019530415535,"y":0.7099263668060303,"z":-0.06858491152524948,"w":-0.6976802349090576},"size":6.950067520141602,"orthographic":false}