{"cameraMode":{"drawMode":0,"name":"Shaded","section":"Shading Mode"},"sceneLighting":false,"audioPlay":false,"sceneViewState":{"showFog":true,"showMaterialUpdate":false,"showSkybox":true,"showFlares":true,"showImageEffects":true,"showParticleSystems":true},"in2DMode":false,"pivot":{"x":0.15165609121322633,"y":1.0376275777816773,"z":0.3940713405609131},"rotation":{"x":-0.2641410827636719,"y":-0.10047029703855515,"z":0.027677021920681,"w":-0.9588373899459839},"size":3.3170948028564455,"orthographic":false}