{"cameraMode":{"drawMode":0,"name":"Shaded","section":"Shading Mode"},"sceneLighting":false,"audioPlay":false,"sceneViewState":{"showFog":true,"showMaterialUpdate":false,"showSkybox":true,"showFlares":true,"showImageEffects":true,"showParticleSystems":true},"in2DMode":false,"pivot":{"x":-3.604684829711914,"y":3.7779879570007326,"z":-1.399999976158142},"rotation":{"x":-0.1968994438648224,"y":0.6428961753845215,"z":-0.17606599628925324,"w":-0.7189686298370361},"size":3.3408706188201906,"orthographic":false}