{"cameraMode":{"drawMode":0,"name":"Shaded","section":"Shading Mode"},"sceneLighting":false,"audioPlay":false,"sceneViewState":{"showFog":true,"showMaterialUpdate":false,"showSkybox":true,"showFlares":true,"showImageEffects":true,"showParticleSystems":true},"in2DMode":false,"pivot":{"x":0.0,"y":1.2599999904632569,"z":1.3299999237060547},"rotation":{"x":-0.1512303501367569,"y":-0.0023759782779961826,"z":0.00036276961327530444,"w":-0.9884956479072571},"size":10.991576194763184,"orthographic":false}