{"cameraMode":{"drawMode":0,"name":"Shaded","section":"Shading Mode"},"sceneLighting":false,"audioPlay":false,"sceneViewState":{"showFog":true,"showMaterialUpdate":false,"showSkybox":true,"showFlares":true,"showImageEffects":true,"showParticleSystems":true},"in2DMode":false,"pivot":{"x":-0.9756011962890625,"y":2.7316644191741945,"z":4.182281970977783},"rotation":{"x":-0.06568262726068497,"y":0.736480712890625,"z":-0.07226850092411041,"w":-0.6693723201751709},"size":14.345002174377442,"orthographic":false}