{"cameraMode":{"drawMode":0,"name":"Shaded","section":"Shading Mode"},"sceneLighting":false,"audioPlay":false,"sceneViewState":{"showFog":true,"showMaterialUpdate":false,"showSkybox":true,"showFlares":true,"showImageEffects":true,"showParticleSystems":true},"in2DMode":false,"pivot":{"x":-4.5650105476379398,"y":-0.5923444032669067,"z":1.4478541612625123},"rotation":{"x":-0.075271837413311,"y":0.603734016418457,"z":-0.057411883026361468,"w":-0.7915449142456055},"size":6.486974239349365,"orthographic":false}