{"cameraMode":{"drawMode":0,"name":"Shaded","section":"Shading Mode"},"sceneLighting":false,"audioPlay":false,"sceneViewState":{"showFog":true,"showMaterialUpdate":false,"showSkybox":true,"showFlares":true,"showImageEffects":true,"showParticleSystems":true},"in2DMode":false,"pivot":{"x":-6.427803039550781,"y":2.9080567359924318,"z":0.38902127742767336},"rotation":{"x":-0.1512303501367569,"y":-0.0023759782779961826,"z":0.00036276961327530444,"w":-0.9884956479072571},"size":8.034575462341309,"orthographic":false}