{"cameraMode":{"drawMode":0,"name":"Shaded","section":"Shading Mode"},"sceneLighting":false,"audioPlay":false,"sceneViewState":{"showFog":true,"showMaterialUpdate":false,"showSkybox":true,"showFlares":true,"showImageEffects":true,"showParticleSystems":true},"in2DMode":false,"pivot":{"x":2.825000286102295,"y":1.0,"z":-0.050000011920928958},"rotation":{"x":-0.10016896575689316,"y":0.6450810432434082,"z":-0.08585476130247116,"w":-0.7526391744613648},"size":10.292681694030762,"orthographic":false}