{"cameraMode":{"drawMode":0,"name":"Shaded","section":"Shading Mode"},"sceneLighting":false,"audioPlay":false,"sceneViewState":{"showFog":true,"showMaterialUpdate":false,"showSkybox":true,"showFlares":true,"showImageEffects":true,"showParticleSystems":true},"in2DMode":false,"pivot":{"x":1.540933609008789,"y":-2.8989386558532717,"z":6.187291145324707},"rotation":{"x":-0.21347007155418397,"y":0.3691186308860779,"z":-0.08752329647541046,"w":-0.9002898335456848},"size":18.25155258178711,"orthographic":false}