{"cameraMode":{"drawMode":0,"name":"Shaded","section":"Shading Mode"},"sceneLighting":false,"audioPlay":false,"sceneViewState":{"showFog":true,"showMaterialUpdate":false,"showSkybox":true,"showFlares":true,"showImageEffects":true,"showParticleSystems":true},"in2DMode":false,"pivot":{"x":3.486950397491455,"y":1.6619503498077393,"z":-0.04999995231628418},"rotation":{"x":-0.10016896575689316,"y":0.6450810432434082,"z":-0.08585476130247116,"w":-0.7526391744613648},"size":13.532708168029786,"orthographic":false}