{"cameraMode":{"drawMode":0,"name":"Shaded","section":"Shading Mode"},"sceneLighting":false,"audioPlay":false,"sceneViewState":{"showFog":true,"showMaterialUpdate":false,"showSkybox":true,"showFlares":true,"showImageEffects":true,"showParticleSystems":true},"in2DMode":false,"pivot":{"x":-0.11469388753175736,"y":5.6110053062438969,"z":0.26848793029785159},"rotation":{"x":-0.17195406556129456,"y":0.0020651756785809995,"z":-0.00036121992161497474,"w":-0.9851027727127075},"size":7.23781681060791,"orthographic":false}