{"cameraMode":{"drawMode":0,"name":"Shaded","section":"Shading Mode"},"sceneLighting":false,"audioPlay":false,"sceneViewState":{"showFog":true,"showMaterialUpdate":false,"showSkybox":true,"showFlares":true,"showImageEffects":true,"showParticleSystems":true},"in2DMode":false,"pivot":{"x":-5.392641544342041,"y":3.199465751647949,"z":1.2585546970367432},"rotation":{"x":-0.04229845106601715,"y":0.6508926749229431,"z":-0.036363810300827029,"w":-0.757117748260498},"size":1.7340822219848633,"orthographic":false}