{"cameraMode":{"drawMode":0,"name":"Shaded","section":"Shading Mode"},"sceneLighting":false,"audioPlay":false,"sceneViewState":{"showFog":true,"showMaterialUpdate":false,"showSkybox":true,"showFlares":true,"showImageEffects":true,"showParticleSystems":true},"in2DMode":false,"pivot":{"x":-4.534195899963379,"y":-0.9233013391494751,"z":0.20136716961860658},"rotation":{"x":-0.0708179846405983,"y":0.7167838215827942,"z":-0.07359079271554947,"w":-0.6897754073143005},"size":6.792643070220947,"orthographic":false}