{"cameraMode":{"drawMode":0,"name":"Shaded","section":"Shading Mode"},"sceneLighting":false,"audioPlay":false,"sceneViewState":{"showFog":true,"showMaterialUpdate":false,"showSkybox":true,"showFlares":true,"showImageEffects":true,"showParticleSystems":true},"in2DMode":false,"pivot":{"x":0.0,"y":1.2599999904632569,"z":0.19499996304512025},"rotation":{"x":-0.06568262726068497,"y":0.736480712890625,"z":-0.07226850092411041,"w":-0.6693723201751709},"size":8.845000267028809,"orthographic":false}