{"cameraMode":{"drawMode":0,"name":"Shaded","section":"Shading Mode"},"sceneLighting":true,"audioPlay":false,"sceneViewState":{"showFog":true,"showMaterialUpdate":false,"showSkybox":true,"showFlares":true,"showImageEffects":true,"showParticleSystems":true},"in2DMode":false,"pivot":{"x":7.666661262512207,"y":7.387284278869629,"z":21.339914321899415},"rotation":{"x":-0.03738805651664734,"y":-0.14725923538208009,"z":0.005570529494434595,"w":-0.9883753657341003},"size":32.351829528808597,"orthographic":false}