{"cameraMode":{"drawMode":0,"name":"Shaded","section":"Shading Mode"},"sceneLighting":false,"audioPlay":false,"sceneViewState":{"showFog":true,"showMaterialUpdate":false,"showSkybox":true,"showFlares":true,"showImageEffects":true,"showParticleSystems":true},"in2DMode":false,"pivot":{"x":7.22658109664917,"y":-1.0917630195617676,"z":14.724998474121094},"rotation":{"x":-0.18002167344093324,"y":0.09191980957984925,"z":-0.016899438574910165,"w":-0.9792125821113586},"size":27.38507080078125,"orthographic":false}