{"cameraMode":{"drawMode":0,"name":"Shaded","section":"Shading Mode"},"sceneLighting":false,"audioPlay":false,"sceneViewState":{"showFog":true,"showMaterialUpdate":false,"showSkybox":true,"showFlares":true,"showImageEffects":true,"showParticleSystems":true},"in2DMode":false,"pivot":{"x":-0.4899463653564453,"y":0.3364753723144531,"z":0.8518280982971191},"rotation":{"x":-0.09644126147031784,"y":0.6159569621086121,"z":-0.07634345442056656,"w":-0.7781181931495667},"size":10.218493461608887,"orthographic":false}