{"cameraMode":{"drawMode":0,"name":"Shaded","section":"Shading Mode"},"sceneLighting":false,"audioPlay":false,"sceneViewState":{"showFog":true,"showMaterialUpdate":false,"showSkybox":true,"showFlares":true,"showImageEffects":true,"showParticleSystems":true},"in2DMode":false,"pivot":{"x":-6.758596420288086,"y":1.8800885677337647,"z":8.728342056274414},"rotation":{"x":-0.04432479664683342,"y":0.6764434576034546,"z":-0.0408485010266304,"w":-0.734023928642273},"size":21.310659408569337,"orthographic":false}