{"cameraMode":{"drawMode":0,"name":"Shaded","section":"Shading Mode"},"sceneLighting":false,"audioPlay":false,"sceneViewState":{"showFog":true,"showMaterialUpdate":false,"showSkybox":true,"showFlares":true,"showImageEffects":true,"showParticleSystems":true},"in2DMode":false,"pivot":{"x":-1.842658519744873,"y":0.7993369102478027,"z":-0.1204826831817627},"rotation":{"x":-0.13489815592765809,"y":0.49304670095443728,"z":-0.077704057097435,"w":-0.8559612035751343},"size":4.844643592834473,"orthographic":false}