{"cameraMode":{"drawMode":0,"name":"Shaded","section":"Shading Mode"},"sceneLighting":false,"audioPlay":false,"sceneViewState":{"showFog":true,"showMaterialUpdate":false,"showSkybox":true,"showFlares":true,"showImageEffects":true,"showParticleSystems":true},"in2DMode":false,"pivot":{"x":-0.5684846639633179,"y":1.9864754676818848,"z":0.2646859586238861},"rotation":{"x":-0.07010672241449356,"y":0.6558398008346558,"z":-0.061377059668302539,"w":-0.7491276264190674},"size":2.399942636489868,"orthographic":false}