{"cameraMode":{"drawMode":0,"name":"Shaded","section":"Shading Mode"},"sceneLighting":false,"audioPlay":false,"sceneViewState":{"showFog":true,"showMaterialUpdate":false,"showSkybox":true,"showFlares":true,"showImageEffects":true,"showParticleSystems":true},"in2DMode":false,"pivot":{"x":0.7352472543716431,"y":3.291067123413086,"z":1.0276031494140626},"rotation":{"x":-0.1512303501367569,"y":-0.0023759782779961826,"z":0.00036276961327530444,"w":-0.9884956479072571},"size":10.759668350219727,"orthographic":false}