{"cameraMode":{"drawMode":0,"name":"Shaded","section":"Shading Mode"},"sceneLighting":false,"audioPlay":false,"sceneViewState":{"showFog":true,"showMaterialUpdate":false,"showSkybox":true,"showFlares":true,"showImageEffects":true,"showParticleSystems":true},"in2DMode":false,"pivot":{"x":4.682784080505371,"y":2.000251054763794,"z":8.991985321044922},"rotation":{"x":-0.04432479664683342,"y":0.6764434576034546,"z":-0.0408485010266304,"w":-0.734023928642273},"size":8.168726921081543,"orthographic":false}