{"cameraMode":{"drawMode":0,"name":"Shaded","section":"Shading Mode"},"sceneLighting":false,"audioPlay":false,"sceneViewState":{"showFog":true,"showMaterialUpdate":false,"showSkybox":true,"showFlares":true,"showImageEffects":true,"showParticleSystems":true},"in2DMode":false,"pivot":{"x":0.6129465103149414,"y":-0.25618743896484377,"z":-0.0015783309936523438},"rotation":{"x":-0.13489815592765809,"y":0.49304670095443728,"z":-0.077704057097435,"w":-0.8559612035751343},"size":60.01556396484375,"orthographic":false}