{"cameraMode":{"drawMode":0,"name":"Shaded","section":"Shading Mode"},"sceneLighting":false,"audioPlay":false,"sceneViewState":{"showFog":true,"showMaterialUpdate":false,"showSkybox":true,"showFlares":true,"showImageEffects":true,"showParticleSystems":true},"in2DMode":false,"pivot":{"x":2.8474998474121095,"y":1.022499918937683,"z":0.7524999976158142},"rotation":{"x":-0.10016896575689316,"y":0.6450810432434082,"z":-0.08585476130247116,"w":-0.7526391744613648},"size":10.701122283935547,"orthographic":false}