{"cameraMode":{"drawMode":0,"name":"Shaded","section":"Shading Mode"},"sceneLighting":false,"audioPlay":false,"sceneViewState":{"showFog":true,"showMaterialUpdate":false,"showSkybox":true,"showFlares":true,"showImageEffects":true,"showParticleSystems":true},"in2DMode":false,"pivot":{"x":-0.49372145533561709,"y":-0.1617017388343811,"z":60.29670333862305},"rotation":{"x":-0.1183510348200798,"y":0.16511884331703187,"z":-0.01996290683746338,"w":-0.9789434671401978},"size":2.8578836917877199,"orthographic":false}