{"cameraMode":{"drawMode":0,"name":"Shaded","section":"Shading Mode"},"sceneLighting":false,"audioPlay":false,"sceneViewState":{"showFog":true,"showMaterialUpdate":false,"showSkybox":true,"showFlares":true,"showImageEffects":true,"showParticleSystems":true},"in2DMode":false,"pivot":{"x":-0.27909398078918459,"y":2.705364942550659,"z":0.1050882637500763},"rotation":{"x":-0.06568262726068497,"y":0.736480712890625,"z":-0.07226850092411041,"w":-0.6693723201751709},"size":7.254668235778809,"orthographic":false}