{"cameraMode":{"drawMode":0,"name":"Shaded","section":"Shading Mode"},"sceneLighting":false,"audioPlay":false,"sceneViewState":{"showFog":true,"showMaterialUpdate":false,"showSkybox":true,"showFlares":true,"showImageEffects":true,"showParticleSystems":true},"in2DMode":false,"pivot":{"x":0.010840864852070809,"y":1.9863603115081788,"z":0.3552207946777344},"rotation":{"x":-0.17195406556129456,"y":0.0020651756785809995,"z":-0.00036121992161497474,"w":-0.9851027727127075},"size":6.541162490844727,"orthographic":false}