{"cameraMode":{"drawMode":0,"name":"Shaded","section":"Shading Mode"},"sceneLighting":false,"audioPlay":false,"sceneViewState":{"showFog":true,"showMaterialUpdate":false,"showSkybox":true,"showFlares":true,"showImageEffects":true,"showParticleSystems":true},"in2DMode":false,"pivot":{"x":-1.5088858604431153,"y":3.016559362411499,"z":0.3846343755722046},"rotation":{"x":-0.10285034030675888,"y":0.676362156867981,"z":-0.09621863812208176,"w":-0.7229785919189453},"size":8.845000267028809,"orthographic":false}