{"cameraMode":{"drawMode":0,"name":"Shaded","section":"Shading Mode"},"sceneLighting":false,"audioPlay":false,"sceneViewState":{"showFog":true,"showMaterialUpdate":false,"showSkybox":true,"showFlares":true,"showImageEffects":true,"showParticleSystems":true},"in2DMode":false,"pivot":{"x":21.61840057373047,"y":-10.266029357910157,"z":27.18849754333496},"rotation":{"x":-0.310880184173584,"y":0.1230105310678482,"z":-0.040614012628793719,"w":-0.9415797591209412},"size":72.26041412353516,"orthographic":false}