{"cameraMode":{"drawMode":0,"name":"Shaded","section":"Shading Mode"},"sceneLighting":false,"audioPlay":false,"sceneViewState":{"showFog":true,"showMaterialUpdate":false,"showSkybox":true,"showFlares":true,"showImageEffects":true,"showParticleSystems":true},"in2DMode":false,"pivot":{"x":-3.2433013916015627,"y":2.6922831535339357,"z":6.72981071472168},"rotation":{"x":-0.08950890600681305,"y":0.2154611051082611,"z":-0.01983710564672947,"w":-0.9721991419792175},"size":22.305566787719728,"orthographic":false}