{"cameraMode":{"drawMode":0,"name":"Shaded","section":"Shading Mode"},"sceneLighting":false,"audioPlay":false,"sceneViewState":{"showFog":true,"showMaterialUpdate":false,"showSkybox":true,"showFlares":true,"showImageEffects":true,"showParticleSystems":true},"in2DMode":false,"pivot":{"x":448.99725341796877,"y":255.12965393066407,"z":0.0},"rotation":{"x":-0.20289228856563569,"y":-0.005290718283504248,"z":0.0010965699329972268,"w":-0.9791861772537231},"size":0.45232367515563967,"orthographic":false}