{"cameraMode":{"drawMode":0,"name":"Shaded","section":"Shading Mode"},"sceneLighting":false,"audioPlay":false,"sceneViewState":{"showFog":true,"showMaterialUpdate":false,"showSkybox":true,"showFlares":true,"showImageEffects":true,"showParticleSystems":true},"in2DMode":false,"pivot":{"x":0.5104023814201355,"y":3.7827529907226564,"z":0.44615840911865237},"rotation":{"x":-0.17909559607505799,"y":0.050738293677568439,"z":-0.009249033406376839,"w":-0.9824789762496948},"size":3.629999876022339,"orthographic":false}