{"cameraMode":{"drawMode":0,"name":"Shaded","section":"Shading Mode"},"sceneLighting":false,"audioPlay":false,"sceneViewState":{"showFog":true,"showMaterialUpdate":false,"showSkybox":true,"showFlares":true,"showImageEffects":true,"showParticleSystems":true},"in2DMode":false,"pivot":{"x":3.0857276916503908,"y":1.6449044942855836,"z":1.03227961063385},"rotation":{"x":-0.05169421061873436,"y":0.663852870464325,"z":-0.04608520120382309,"w":-0.7446497678756714},"size":5.1660637855529789,"orthographic":false}