{"cameraMode":{"drawMode":0,"name":"Shaded","section":"Shading Mode"},"sceneLighting":false,"audioPlay":false,"sceneViewState":{"showFog":true,"showMaterialUpdate":false,"showSkybox":true,"showFlares":true,"showImageEffects":true,"showParticleSystems":true},"in2DMode":false,"pivot":{"x":-0.9761450886726379,"y":1.9894967079162598,"z":1.7186925411224366},"rotation":{"x":-0.14394345879554749,"y":0.07799900323152542,"z":-0.011381533928215504,"w":-0.9864415526390076},"size":5.882535934448242,"orthographic":false}