{"cameraMode":{"drawMode":0,"name":"Shaded","section":"Shading Mode"},"sceneLighting":false,"audioPlay":false,"sceneViewState":{"showFog":true,"showMaterialUpdate":false,"showSkybox":true,"showFlares":true,"showImageEffects":true,"showParticleSystems":true},"in2DMode":false,"pivot":{"x":-1.486623764038086,"y":11.096968650817871,"z":-17.829143524169923},"rotation":{"x":-0.07714063674211502,"y":0.8445470333099365,"z":-0.1266138106584549,"w":-0.5145468711853027},"size":30.71408462524414,"orthographic":false}