{"cameraMode":{"drawMode":0,"name":"Shaded","section":"Shading Mode"},"sceneLighting":false,"audioPlay":false,"sceneViewState":{"showFog":true,"showMaterialUpdate":false,"showSkybox":true,"showFlares":true,"showImageEffects":true,"showParticleSystems":true},"in2DMode":false,"pivot":{"x":0.19506213068962098,"y":5.4388933181762699,"z":0.05669689178466797},"rotation":{"x":-0.20289228856563569,"y":-0.005290718283504248,"z":0.0010965699329972268,"w":-0.9791861772537231},"size":5.4150004386901859,"orthographic":false}