{"cameraMode":{"drawMode":0,"name":"Shaded","section":"Shading Mode"},"sceneLighting":false,"audioPlay":false,"sceneViewState":{"showFog":true,"showMaterialUpdate":false,"showSkybox":true,"showFlares":true,"showImageEffects":true,"showParticleSystems":true},"in2DMode":false,"pivot":{"x":-0.8716174960136414,"y":2.4236130714416506,"z":-0.030008316040039064},"rotation":{"x":-0.03382481262087822,"y":-0.06351380050182343,"z":0.0021541351452469827,"w":-0.9974052906036377},"size":7.200702667236328,"orthographic":false}