{"cameraMode":{"drawMode":0,"name":"Shaded","section":"Shading Mode"},"sceneLighting":false,"audioPlay":false,"sceneViewState":{"showFog":true,"showMaterialUpdate":false,"showSkybox":true,"showFlares":true,"showImageEffects":true,"showParticleSystems":true},"in2DMode":false,"pivot":{"x":9.926143646240235,"y":-15.012767791748047,"z":52.389198303222659},"rotation":{"x":-0.16307100653648377,"y":-0.011250535026192665,"z":0.001859932322986424,"w":-0.9865484237670898},"size":52.97865295410156,"orthographic":false}