{"cameraMode":{"drawMode":0,"name":"Shaded","section":"Shading Mode"},"sceneLighting":false,"audioPlay":false,"sceneViewState":{"showFog":true,"showMaterialUpdate":false,"showSkybox":true,"showFlares":true,"showImageEffects":true,"showParticleSystems":true},"in2DMode":false,"pivot":{"x":-0.3557065725326538,"y":3.36952543258667,"z":0.1997925043106079},"rotation":{"x":-0.17909559607505799,"y":0.050738293677568439,"z":-0.009249033406376839,"w":-0.9824789762496948},"size":2.130000114440918,"orthographic":false}