{"cameraMode":{"drawMode":0,"name":"Shaded","section":"Shading Mode"},"sceneLighting":false,"audioPlay":false,"sceneViewState":{"showFog":true,"showMaterialUpdate":false,"showSkybox":true,"showFlares":true,"showImageEffects":true,"showParticleSystems":true},"in2DMode":false,"pivot":{"x":-0.4565369486808777,"y":3.999429225921631,"z":-0.10196208953857422},"rotation":{"x":-0.11907938122749329,"y":0.02472696825861931,"z":-0.0029663012828677894,"w":-0.9925723671913147},"size":13.176438331604004,"orthographic":false}