{"cameraMode":{"drawMode":0,"name":"Shaded","section":"Shading Mode"},"sceneLighting":false,"audioPlay":false,"sceneViewState":{"showFog":true,"showMaterialUpdate":false,"showSkybox":true,"showFlares":true,"showImageEffects":true,"showParticleSystems":true},"in2DMode":false,"pivot":{"x":4.295089244842529,"y":1.9715871810913087,"z":-2.361128807067871},"rotation":{"x":-0.38987404108047488,"y":-0.004698139615356922,"z":0.0019891136325895788,"w":-0.9208540916442871},"size":12.487470626831055,"orthographic":false}