{"cameraMode":{"drawMode":0,"name":"Shaded","section":"Shading Mode"},"sceneLighting":false,"audioPlay":false,"sceneViewState":{"showFog":true,"showMaterialUpdate":false,"showSkybox":true,"showFlares":true,"showImageEffects":true,"showParticleSystems":true},"in2DMode":false,"pivot":{"x":2.2925000190734865,"y":0.46750009059906008,"z":3.3700003623962404},"rotation":{"x":-0.2769143879413605,"y":0.5453673005104065,"z":-0.19710586965084077,"w":-0.7661868333816528},"size":30.71408462524414,"orthographic":false}