{"cameraMode":{"drawMode":0,"name":"Shaded","section":"Shading Mode"},"sceneLighting":true,"audioPlay":false,"sceneViewState":{"showFog":true,"showMaterialUpdate":false,"showSkybox":true,"showFlares":true,"showImageEffects":true,"showParticleSystems":true},"in2DMode":false,"pivot":{"x":0.23133981227874757,"y":4.241971015930176,"z":2.3467626571655275},"rotation":{"x":-0.18228501081466676,"y":-0.0008873939514160156,"z":0.00016453646821901202,"w":-0.9832453727722168},"size":8.267467498779297,"orthographic":false}