{"cameraMode":{"drawMode":0,"name":"Shaded","section":"Shading Mode"},"sceneLighting":true,"audioPlay":false,"sceneViewState":{"showFog":true,"showMaterialUpdate":false,"showSkybox":true,"showFlares":true,"showImageEffects":true,"showParticleSystems":true},"in2DMode":false,"pivot":{"x":0.21432851254940034,"y":-3.6827940940856935,"z":17.529762268066408},"rotation":{"x":-0.22048357129096986,"y":0.0005841673701070249,"z":-0.00013209808093961328,"w":-0.9753905534744263},"size":25.379226684570314,"orthographic":false}