{"cameraMode":{"drawMode":0,"name":"Shaded","section":"Shading Mode"},"sceneLighting":true,"audioPlay":false,"sceneViewState":{"showFog":true,"showMaterialUpdate":false,"showSkybox":true,"showFlares":true,"showImageEffects":true,"showParticleSystems":true},"in2DMode":false,"pivot":{"x":-7.132434844970703,"y":-6.040586471557617,"z":6.767921447753906},"rotation":{"x":-0.21866439282894135,"y":0.31032344698905947,"z":-0.07358039915561676,"w":-0.9222099184989929},"size":56.54450988769531,"orthographic":false}