{"cameraMode":{"drawMode":0,"name":"Shaded","section":"Shading Mode"},"sceneLighting":false,"audioPlay":false,"sceneViewState":{"showFog":true,"showMaterialUpdate":false,"showSkybox":true,"showFlares":true,"showImageEffects":true,"showParticleSystems":true},"in2DMode":false,"pivot":{"x":2.970292091369629,"y":1.1452921628952027,"z":-0.04999995231628418},"rotation":{"x":-0.22242923080921174,"y":0.4194212555885315,"z":-0.10678740590810776,"w":-0.8736175298690796},"size":16.166061401367189,"orthographic":false}