{"cameraMode":{"drawMode":0,"name":"Shaded","section":"Shading Mode"},"sceneLighting":true,"audioPlay":false,"sceneViewState":{"showFog":true,"showMaterialUpdate":false,"showSkybox":true,"showFlares":true,"showImageEffects":true,"showParticleSystems":true},"in2DMode":false,"pivot":{"x":0.3272266387939453,"y":-4.789133071899414,"z":20.574073791503908},"rotation":{"x":-0.22242923080921174,"y":0.4194212555885315,"z":-0.10678740590810776,"w":-0.8736175298690796},"size":40.043785095214847,"orthographic":false}